Suite/Test/Step Name,Browser,Description,Start time,End time,Duration,Status
cross reference,,,2017-08-13 10:05:46,2017-08-13 10:05:48,1.681s,PASSED
,,,,,,
Test Cases/cross reference/code table,,,2017-08-13 10:05:46,2017-08-13 10:05:47,0.490s,PASSED
Statement - return null,,,2017-08-13 10:05:47,2017-08-13 10:05:47,0.003s,PASSED
,,,,,,
Test Cases/cross reference/generation,,,2017-08-13 10:05:47,2017-08-13 10:05:47,0.152s,PASSED
Statement - return null,,,2017-08-13 10:05:47,2017-08-13 10:05:47,0.003s,PASSED
,,,,,,
Test Cases/cross reference/recipe importer,,,2017-08-13 10:05:47,2017-08-13 10:05:47,0.282s,PASSED
Statement - return null,,,2017-08-13 10:05:47,2017-08-13 10:05:47,0.002s,PASSED
,,,,,,
Test Cases/cross reference/verification,,,2017-08-13 10:05:48,2017-08-13 10:05:48,0.238s,PASSED
Statement - return null,,,2017-08-13 10:05:48,2017-08-13 10:05:48,0.003s,PASSED
